,city,cloudiness,country,date,humidity,lat,lng,max_temp,wind_speed
0,jamestown,24,AU,1551928564,49,-33.21,138.6,19.54,4.37
1,terney,0,RU,1551928824,77,45.05,136.61,-0.69,4.97
2,llanes,0,ES,1551928824,60,43.42,-4.75,11.11,2.52
3,georgetown,20,GY,1551924000,88,6.8,-58.16,25.0,1.0
4,zemio,68,CF,1551928825,89,5.02,25.13,20.92,2.22
5,busselton,92,AU,1551928613,62,-33.64,115.35,23.33,2.67
6,vila velha,75,BR,1551928690,88,-3.71,-38.6,26.11,1.5
7,faanui,48,PF,1551928621,99,-16.48,-151.75,29.17,6.12
8,albany,40,US,1551928516,56,42.65,-73.75,-9.44,4.1
9,mataura,92,NZ,1551928206,92,-46.19,168.86,12.78,1.79
10,hays,1,US,1551928548,74,38.88,-99.33,1.67,7.2
11,cidreira,24,BR,1551928739,89,-30.17,-50.22,24.49,4.12
12,chapais,1,CA,1551927600,76,49.78,-74.86,-23.0,2.6
13,anamur,0,TR,1551923400,93,36.08,32.84,7.0,2.6
14,esperance,20,TT,1551928656,83,10.24,-61.45,25.0,3.07
15,rikitea,76,PF,1551928529,100,-23.12,-134.97,26.49,8.07
16,raudeberg,76,NO,1551928804,65,61.99,5.14,5.0,3.6
17,taltal,0,CL,1551928828,95,-25.41,-70.49,13.57,0.52
18,cape town,75,ZA,1551928522,82,-33.93,18.42,20.0,1.5
19,iida,32,JP,1551928826,61,35.45,137.9,14.44,0.89
20,mar del plata,92,AR,1551928720,92,-46.43,-67.52,11.49,5.32
21,ballina,88,IE,1551928691,87,54.11,-9.15,7.22,1.79
22,berlevag,76,NO,1551928717,100,70.86,29.09,-3.44,6.02
23,deutschlandsberg,75,AT,1551928823,43,46.81,15.21,13.0,4.1
24,kodiak,40,US,1551928709,67,39.95,-94.76,0.0,2.6
25,sorocaba,0,BR,1551928684,88,-23.5,-47.46,23.33,3.1
26,hayden,90,US,1551928807,82,47.77,-116.79,2.22,2.1
27,hofn,92,IS,1551928830,100,64.25,-15.21,1.74,8.67
28,cayenne,75,GF,1551925800,78,4.94,-52.33,26.0,4.1
29,rawson,8,AR,1551928781,27,-43.3,-65.11,21.92,8.62
30,carnarvon,88,ZA,1551928528,31,-30.97,22.13,21.79,3.22
31,dikson,48,RU,1551928653,89,73.51,80.55,-17.09,11.97
32,vaini,0,IN,1551924000,87,15.34,74.49,12.0,1.32
33,vila franca do campo,75,PT,1551928720,100,37.72,-25.43,15.0,4.1
34,khasan,0,RU,1551928831,68,42.43,130.64,3.42,4.07
35,lebu,0,ET,1551928623,83,8.96,38.73,5.14,1.17
36,evensk,44,RU,1551928832,100,61.92,159.24,-6.29,5.07
37,narasaraopet,0,IN,1551928832,62,16.24,80.05,27.54,2.42
38,barrow,8,AR,1551928532,64,-38.31,-60.23,25.94,7.82
39,fortuna,0,ES,1551928706,53,38.18,-1.13,14.44,2.1
40,sao miguel,24,BR,1551928832,86,4.52,-61.01,19.92,1.52
41,kaitangata,100,NZ,1551928415,78,-46.28,169.85,13.89,12.07
42,sitka,0,US,1551928522,58,37.17,-99.65,3.33,1.79
43,bredasdorp,56,ZA,1551928518,77,-34.53,20.04,19.0,2.1
44,ushuaia,90,AR,1551924000,99,-54.81,-68.31,5.0,10.3
45,ponta do sol,68,BR,1551928755,95,-20.63,-46.0,18.09,0.97
46,hermanus,68,ZA,1551928518,92,-34.42,19.24,18.33,1.32
47,shitanjing,32,CN,1551928825,37,39.23,106.34,3.67,1.62
48,punta arenas,0,CL,1551928386,100,-53.16,-70.91,5.0,8.2
49,dingle,0,PH,1551928616,50,11.0,122.67,30.72,6.27
50,maxixe,76,MZ,1551928774,95,-23.86,35.35,25.94,5.17
51,belmonte,64,PT,1551928554,93,40.36,-7.35,5.56,1.47
52,bubaque,0,GW,1551928835,87,11.28,-15.83,26.44,4.37
53,east london,0,ZA,1551928633,100,-33.02,27.91,24.09,10.37
54,avera,1,US,1551928758,59,33.19,-82.53,5.56,2.77
55,bluff,0,AU,1551928624,40,-23.58,149.07,34.44,4.82
56,thompson,5,CA,1551924000,65,55.74,-97.86,-16.0,4.1
57,qaqortoq,75,GL,1551927000,34,60.72,-46.03,2.0,8.2
58,cuamba,100,MZ,1551928836,98,-14.8,36.54,20.57,1.52
59,zyryanovsk,36,KZ,1551928836,78,49.74,84.27,-4.36,1.02
60,puerto ayora,0,EC,1551928727,98,-0.74,-90.35,27.22,4.22
61,albania,76,CO,1551928837,94,5.76,-73.91,17.17,1.22
62,ilinskiy,0,RU,1551927204,72,55.62,38.12,-10.0,2.0
63,cabo san lucas,40,MX,1551928227,73,22.89,-109.91,22.22,2.77
64,bethel,90,US,1551927180,87,60.79,-161.76,0.0,3.6
65,yuanping,0,CN,1551928838,48,38.72,112.71,2.54,1.42
66,hobart,75,AU,1551928483,37,-42.88,147.33,19.0,8.7
67,massaguet,0,TD,1551924000,14,12.48,15.44,26.0,4.1
68,ribeira grande,88,PT,1551928734,95,38.52,-28.7,16.67,8.77
69,grants,1,US,1551927300,28,35.15,-107.85,13.0,4.6
70,chuy,12,UY,1551928741,92,-33.69,-53.46,23.74,5.12
71,narsaq,75,GL,1551927000,34,60.91,-46.05,2.0,8.2
72,waddan,0,LY,1551928839,71,29.16,16.14,2.47,1.72
73,olden,80,NO,1551928647,88,61.84,6.81,1.11,0.72
74,lakes entrance,0,AU,1551928794,34,-37.88,147.99,23.33,1.79
75,atuona,88,PF,1551928637,99,-9.8,-139.03,28.24,7.82
76,saskylakh,64,RU,1551928626,78,71.97,114.09,-20.21,6.57
77,iqaluit,40,CA,1551928362,68,63.75,-68.52,-27.78,11.3
78,bundaberg,40,AU,1551928508,62,-24.87,152.35,31.67,5.7
79,srednekolymsk,48,RU,1551928717,63,67.46,153.71,-17.69,1.42
80,alto araguaia,24,BR,1551928841,94,-17.32,-53.22,19.72,1.92
81,ocala,1,US,1551928671,51,29.19,-82.14,8.33,2.42
82,kysyl-syr,76,RU,1551928842,69,63.9,122.77,-6.06,4.22
83,upernavik,0,GL,1551928547,100,72.79,-56.15,-15.86,8.72
84,guerrero negro,0,MX,1551928729,82,27.97,-114.04,15.57,2.57
85,tornio,90,FI,1551928830,92,61.12,27.27,-3.33,3.6
86,deputatskiy,0,RU,1551928765,67,69.3,139.9,-23.76,1.72
87,kipini,0,KE,1551928843,97,-2.53,40.53,26.32,5.02
88,celestun,8,MX,1551928843,100,20.87,-90.4,24.54,11.12
89,fethiye,0,TR,1551928576,100,36.62,29.12,9.44,2.1
90,ilulissat,32,GL,1551927000,45,69.22,-51.1,-4.0,7.7
91,kununurra,0,AU,1551925800,41,-15.77,128.74,36.0,3.6
92,tura,0,IN,1551928574,60,25.52,90.21,20.24,1.22
93,las guaranas,40,DO,1551924000,78,19.19,-70.21,25.0,5.1
94,oktyabrskoye,40,RU,1551928826,85,56.73,85.44,-5.0,5.0
95,lata,0,IN,1551928845,82,30.78,78.62,2.82,0.97
96,grand gaube,20,MU,1551928444,83,-20.01,57.66,25.56,1.0
97,naze,8,NG,1551928620,95,5.43,7.07,22.79,2.42
98,cessnock,90,AU,1551928825,60,-32.83,151.35,21.67,5.1
99,praya,75,ID,1551927600,78,-8.71,116.27,28.0,1.5
100,castro,90,CL,1551924000,93,-42.48,-73.76,12.0,1.5
101,ivanteyevka,0,RU,1551927204,72,55.97,37.92,-10.0,3.0
102,nakambala,48,ZM,1551928846,65,-15.83,27.78,20.49,1.57
103,pisco,75,PE,1551924000,30,-13.71,-76.2,22.0,3.1
104,leningradskiy,80,RU,1551928743,100,69.38,178.42,-12.96,2.17
105,labuhan,48,ID,1551928794,71,-2.54,115.51,28.54,1.27
106,severo-kurilsk,56,RU,1551928677,100,50.68,156.12,-3.51,7.47
107,hasaki,75,JP,1551928423,87,35.73,140.83,9.0,8.7
108,saint-augustin,75,FR,1551928826,93,44.83,-0.61,10.0,6.2
109,manzanillo,0,CU,1551928848,100,20.34,-77.12,25.92,9.87
110,sao joao da barra,68,BR,1551928643,100,-21.64,-41.05,26.42,4.22
111,linkoping,92,SE,1551928570,100,58.41,15.62,3.0,5.7
112,aksu,90,KZ,1551925800,86,52.04,76.93,-3.0,4.0
113,miri,8,NG,1551928849,55,10.31,9.75,17.09,1.62
114,atikokan,24,CA,1551928849,67,48.76,-91.62,-15.29,2.77
115,port elizabeth,1,US,1551928604,45,39.31,-74.98,-2.78,3.1
116,balkanabat,0,TM,1551928849,83,39.51,54.36,0.19,1.77
117,port-cartier,75,CA,1551928567,54,50.03,-66.88,-15.57,4.1
118,padang,40,ID,1551924000,79,-0.92,100.36,29.0,1.5
119,taoudenni,0,ML,1551928850,29,22.68,-3.98,9.79,1.27
120,ahipara,44,NZ,1551924304,77,-35.17,173.16,28.33,0.45
121,tezu,100,IN,1551928850,100,27.93,96.16,8.59,0.52
122,vestmannaeyjar,0,IS,1551928534,100,63.44,-20.27,-4.46,6.37
123,bakchar,80,RU,1551928851,84,57.02,82.07,-3.81,4.22
124,minamata,75,JP,1551928385,61,32.18,130.48,12.78,9.8
125,tual,20,ID,1551928851,100,-5.67,132.75,28.72,1.87
126,hithadhoo,88,MV,1551928721,100,-0.6,73.08,28.24,2.27
127,morant bay,20,JM,1551924000,57,17.88,-76.41,26.0,2.1
128,nouadhibou,0,MR,1551927600,82,20.93,-17.03,17.0,9.3
129,vao,80,EE,1551928775,90,59.1,26.19,-4.26,4.47
130,pangnirtung,44,CA,1551928762,67,66.15,-65.72,-23.26,2.87
131,carndonagh,92,IE,1551928852,98,55.25,-7.27,6.47,10.77
132,charlestown,1,US,1551928625,52,41.38,-71.64,-5.57,4.1
133,nantucket,20,US,1551928837,31,41.28,-70.1,-5.57,8.7
134,necochea,0,AR,1551928615,84,-38.55,-58.74,24.44,1.79
135,pekan,75,MY,1551924000,79,3.49,103.39,29.0,1.0
136,nanortalik,88,GL,1551928638,93,60.14,-45.24,-0.06,6.57
137,koumac,32,NC,1551928854,84,-20.56,164.28,28.32,2.57
138,dalvik,92,SE,1551928806,100,57.79,14.13,4.44,5.1
139,roebourne,0,AU,1551928854,30,-20.77,117.15,36.64,1.97
140,qaanaaq,64,GL,1551928375,91,77.48,-69.36,-18.94,1.57
141,sterling,1,US,1551928585,53,39.0,-77.4,-2.78,2.6
142,adolfo lopez mateos,88,MX,1551928816,68,26.8,-109.39,22.78,0.92
143,butaritari,64,KI,1551928524,100,3.07,172.79,26.59,5.27
144,praia da vitoria,40,PT,1551927717,93,38.73,-27.07,17.0,9.27
145,new norfolk,75,AU,1551928483,37,-42.78,147.06,19.0,8.7
146,sayyan,8,YE,1551928856,93,15.17,44.32,7.67,0.42
147,khatanga,56,RU,1551928620,77,71.98,102.47,-18.21,5.37
148,teguldet,56,RU,1551928812,83,57.31,88.17,-6.19,2.57
149,port alfred,36,ZA,1551928643,84,-33.59,26.89,21.11,2.68
150,kapaa,20,US,1551928104,64,22.08,-159.32,25.0,10.8
151,douentza,32,ML,1551928857,53,15.01,-2.95,12.97,1.42
152,sorland,48,NO,1551928732,100,67.67,12.69,1.67,8.07
153,caidian,0,CN,1551924000,43,30.59,114.03,11.0,6.0
154,tuktoyaktuk,90,CA,1551924000,77,69.44,-133.03,-16.0,2.6
155,sambava,68,MG,1551928859,100,-14.27,50.17,23.89,0.82
156,bambous virieux,20,MU,1551928444,83,-20.34,57.76,25.56,1.0
157,antalaha,76,MG,1551928859,100,-14.9,50.28,23.39,1.67
158,sulangan,0,PH,1551928859,100,11.14,123.72,26.54,6.47
159,ostrovnoy,32,RU,1551928727,80,68.05,39.51,-13.76,7.62
160,yellowknife,20,CA,1551928581,84,62.45,-114.38,-12.22,2.1
161,piacabucu,88,BR,1551928860,83,-10.41,-36.43,25.49,2.37
162,kutum,0,SD,1551928771,34,14.2,24.66,13.44,3.87
163,minador do negrao,44,BR,1551928860,89,-9.31,-36.86,23.07,2.52
164,salalah,0,OM,1551923400,73,17.01,54.1,23.0,2.1
165,xuddur,0,SO,1551928719,73,4.12,43.89,20.97,5.27
166,the valley,75,AI,1551927663,78,18.22,-63.06,25.0,6.62
167,presidencia roque saenz pena,92,AR,1551928862,96,-26.79,-60.44,23.22,2.52
168,nemuro,20,JP,1551924000,63,43.32,145.57,-2.0,6.7
169,sapa,40,PH,1551928686,62,14.32,120.76,29.0,4.1
170,avarua,88,CK,1551925800,70,-21.21,-159.78,29.0,10.3
171,lorengau,8,PG,1551928624,100,-2.02,147.27,28.17,0.27
172,micheweni,20,TZ,1551928864,100,-4.97,39.83,27.89,5.92
173,port hedland,0,AU,1551925800,19,-20.31,118.58,40.0,5.7
174,zheleznodorozhnyy,0,RU,1551927204,72,55.75,38.0,-10.0,2.0
175,te anau,64,NZ,1551928790,61,-45.41,167.72,17.32,8.32
176,lasa,40,CY,1551928597,77,34.92,32.53,16.0,7.2
177,pelaya,24,CO,1551928866,65,8.69,-73.67,27.99,1.57
178,torbay,90,CA,1551928645,92,47.66,-52.73,-5.57,6.7
179,kaseda,40,JP,1551928385,50,31.42,130.32,14.0,10.3
180,half moon bay,90,US,1551928864,87,37.46,-122.43,13.0,7.2
181,hilo,90,US,1551928341,88,19.71,-155.08,19.44,2.1
182,arraial do cabo,24,BR,1551928770,88,-22.97,-42.02,26.99,5.72
183,portales,1,US,1551928815,30,34.19,-103.33,12.0,8.7
184,anadyr,75,RU,1551928387,85,64.73,177.51,-6.0,6.0
185,codrington,90,AU,1551928613,69,-28.95,153.24,29.0,8.7
186,tasiilaq,88,GL,1551927000,57,65.61,-37.64,-7.0,11.3
187,kruisfontein,68,ZA,1551928537,88,-34.0,24.73,19.32,7.92
188,carauari,20,BR,1551928868,79,-4.88,-66.9,27.29,1.17
189,miles city,90,US,1551928634,84,46.41,-105.84,-12.78,6.7
190,fairbanks,90,US,1551928541,79,64.84,-147.72,-3.33,1.07
191,constitucion,75,MX,1551928215,11,23.99,-104.67,22.0,3.6
192,genhe,0,CN,1551928869,62,50.78,121.52,-1.26,1.87
193,mehamn,80,NO,1551928637,91,71.03,27.85,-4.44,6.12
194,prince rupert,1,CA,1551927600,29,54.32,-130.32,3.0,1.5
195,grindavik,40,IS,1551928156,79,63.84,-22.43,-2.0,7.7
196,batagay,80,RU,1551928773,77,67.65,134.64,-20.31,1.87
197,samarai,32,PG,1551928537,100,-10.62,150.67,28.42,1.97
198,sao gabriel da cachoeira,0,BR,1551928870,87,-0.13,-67.09,25.79,0.97
199,saint george,20,GR,1551928399,86,39.45,22.34,11.11,1.22
200,wollongong,75,AU,1551928562,68,-34.42,150.89,23.33,8.7
201,kavieng,44,PG,1551928734,100,-2.57,150.8,28.79,0.52
202,haradok,8,BY,1551928871,75,55.46,29.99,-8.51,5.52
203,alofi,75,NU,1551924000,66,-19.06,-169.92,29.0,4.6
204,hambantota,40,LK,1551924600,100,6.12,81.12,26.0,1.5
205,nichinan,40,JP,1551928385,50,31.65,131.31,16.0,10.3
206,saint anthony,90,US,1551928619,93,43.97,-111.68,3.0,4.6
207,dudinka,80,RU,1551928872,81,69.41,86.18,-15.81,11.32
208,tiksi,68,RU,1551928664,79,71.64,128.87,-11.29,1.52
209,ocean city,20,US,1551928708,56,30.44,-86.61,6.67,1.87
210,almaznyy,0,RU,1551925800,86,48.03,40.04,0.0,3.0
211,cherskiy,24,RU,1551928738,65,68.75,161.3,-18.06,1.07
212,tuatapere,92,NZ,1551928206,92,-46.13,167.69,12.78,1.79
213,talcahuano,90,CL,1551924000,93,-36.72,-73.12,16.0,3.1
214,ancud,90,CL,1551924000,93,-41.87,-73.83,12.0,1.5
215,bowen,75,AU,1551928846,74,-20.01,148.25,30.56,4.1
216,saint-philippe,1,CA,1551928508,50,45.36,-73.48,-13.0,2.92
217,hastings,44,NZ,1551928874,81,-39.64,176.84,22.49,6.32
218,touros,40,BR,1551927600,88,-5.2,-35.46,26.0,1.5
219,znamenskoye,92,RU,1551928875,93,57.13,73.82,0.17,6.47
220,plettenberg bay,0,ZA,1551928740,100,-34.05,23.37,19.84,6.77
221,benjamin constant,20,BR,1551924000,100,-4.38,-70.03,26.0,1.0
222,meulaboh,24,ID,1551928728,100,4.14,96.13,29.07,1.52
223,sola,90,FI,1551925200,72,62.78,29.36,-8.0,2.1
224,novoagansk,92,RU,1551928876,81,61.94,76.66,-2.46,5.77
225,flinders,0,AU,1551928860,37,-34.58,150.85,22.78,4.6
226,yulara,0,AU,1551924000,15,-25.24,130.99,31.0,5.7
227,boshnyakovo,0,RU,1551928877,73,49.65,142.17,-6.91,1.77
228,san patricio,68,PY,1551928735,84,-26.98,-56.83,25.24,1.92
229,san quintin,0,PH,1551928878,48,17.54,120.52,30.09,1.67
230,sundsvall,56,SE,1551928602,84,62.39,17.31,-9.44,2.1
231,vaitape,44,PF,1551928878,99,-16.52,-151.75,28.99,4.77
232,ucluelet,80,CA,1551928513,73,48.94,-125.55,4.44,0.97
233,virginia beach,1,US,1551928639,68,36.85,-75.98,1.11,1.42
234,pevek,80,RU,1551928624,93,69.7,170.27,-16.11,1.17
235,beisfjord,68,NO,1551928617,92,68.38,17.6,-3.89,1.5
236,shingu,75,JP,1551924000,62,33.72,135.99,13.0,6.7
237,bulgan,24,MN,1551928880,25,48.81,103.53,5.47,1.82
238,pyay,32,MM,1551928880,68,18.82,95.22,25.99,1.87
239,mahon,75,IE,1551928853,87,51.89,-8.4,6.67,8.7
240,saint-ambroise,88,FR,1551928652,87,47.25,-0.65,8.33,5.1
241,poum,0,MK,1551928788,79,41.28,20.71,-5.16,0.77
242,solwezi,76,ZM,1551928881,98,-12.18,26.4,16.44,1.27
243,boyolangu,92,ID,1551928881,96,-8.09,111.9,22.47,3.12
244,gorontalo,0,ID,1551928751,54,0.54,123.06,31.97,1.27
245,la libertad,40,PE,1551927600,76,-16.38,-71.56,14.0,2.1
246,lavrentiya,64,RU,1551928882,100,65.58,-170.99,-7.41,3.82
247,pacific grove,90,US,1551928611,71,36.62,-121.92,13.0,3.6
248,brejo santo,75,BR,1551924000,88,-7.49,-38.99,25.0,1.77
249,conceicao do mato dentro,64,BR,1551928883,92,-19.04,-43.42,20.99,2.67
250,kailua,40,US,1551928846,57,21.39,-157.74,24.0,8.2
251,yumen,32,CN,1551928883,53,40.29,97.04,4.44,3.22
252,morris,1,US,1551928652,58,41.36,-88.42,-1.67,3.1
253,awbari,0,LY,1551928884,44,26.59,12.77,7.64,3.02
254,champerico,12,MX,1551928884,71,16.38,-93.6,21.49,3.02
255,turukhansk,64,RU,1551928765,79,65.8,87.96,-13.19,8.52
256,traralgon,0,AU,1551928509,49,-38.19,146.54,21.67,0.89
257,paciran,92,ID,1551928885,100,-6.9,112.33,24.14,2.47
258,bathsheba,40,BB,1551924000,78,13.22,-59.52,25.0,7.7
259,okhotsk,0,RU,1551928886,92,59.36,143.24,-7.46,1.82
260,verkhoyansk,56,RU,1551928886,80,67.55,133.39,-20.94,1.67
261,kaeo,0,NZ,1551928084,72,-35.1,173.78,28.33,4.47
262,egvekinot,44,RU,1551928886,80,66.32,-179.17,-9.94,1.32
263,tumut,0,AU,1551928887,40,-35.3,148.22,19.44,1.32
264,bilma,0,NE,1551928791,23,18.69,12.92,11.04,4.32
265,karakol,8,KG,1551928887,83,42.49,78.39,-9.61,1.07
266,myitkyina,80,MM,1551928887,100,25.38,97.4,16.44,1.22
267,mozarlandia,76,BR,1551928888,91,-14.74,-50.57,22.82,1.22
268,tongliao,0,CN,1551928888,50,43.61,122.27,6.57,2.77
269,fort saint james,80,CA,1551928888,68,54.43,-124.25,-9.36,1.07
270,williams lake,90,CA,1551927600,85,52.13,-122.14,-7.0,4.1
271,college,90,US,1551928861,79,64.86,-147.8,-3.33,1.07
272,orbetello,75,IT,1551928871,87,42.44,11.21,12.78,4.1
273,waitati,80,NZ,1551928889,47,-45.75,170.57,22.79,7.52
274,coquimbo,0,CL,1551924000,87,-29.95,-71.34,16.0,1.5
275,victoria,75,BN,1551925800,79,5.28,115.24,30.0,2.1
276,kirakira,32,SB,1551928887,99,-10.46,161.92,29.04,4.67
277,el alto,75,BO,1551924000,75,-16.5,-68.19,8.0,1.0
278,yenagoa,12,NG,1551928729,93,4.92,6.26,24.29,2.52
279,matamoros,90,US,1551928825,82,25.87,-97.51,14.44,2.6
280,magistralnyy,88,RU,1551928891,79,56.17,107.45,-2.66,2.07
281,piura,80,PE,1551928776,70,-5.2,-80.63,26.14,0.52
282,sur,0,OM,1551928892,100,22.57,59.53,20.42,3.22
283,bangassou,32,CF,1551928892,96,4.74,22.82,21.29,1.27
284,verkhnyaya inta,80,RU,1551928892,86,65.99,60.32,-11.59,1.67
285,wasilla,90,US,1551928862,93,61.58,-149.44,1.11,2.1
286,fare,48,PF,1551928893,97,-16.7,-151.02,29.24,5.82
287,paramonga,56,PE,1551928893,100,-10.68,-77.82,22.57,4.67
288,nome,90,US,1551928758,53,30.04,-94.42,11.11,2.1
289,san luis,0,AR,1551928731,64,-33.3,-66.34,22.99,4.37
290,rio verde de mato grosso,8,BR,1551928894,91,-18.92,-54.84,21.92,1.72
291,nikolskoye,0,RU,1551928510,67,59.7,30.79,-6.11,2.0
292,noumea,20,NC,1551925800,62,-22.28,166.46,31.0,5.1
293,shieli,12,KZ,1551928895,82,44.18,66.74,-4.71,3.57
294,dicabisagan,0,PH,1551928786,89,17.08,122.42,26.74,2.22
295,snezhnogorsk,0,RU,1551925800,76,69.19,33.23,-22.0,1.0
296,ingham,32,AU,1551928895,100,-18.65,146.16,26.74,1.87
297,betong,0,MY,1551928896,51,5.77,101.07,31.74,1.07
298,ligayan,64,PH,1551928896,95,4.65,119.47,28.57,0.82
299,lima,0,PE,1551928504,83,-12.06,-77.04,23.33,4.1
300,merauke,36,ID,1551928740,98,-8.49,140.4,30.14,1.37
301,airai,80,TL,1551928718,69,-8.93,125.41,27.04,1.27
302,chokurdakh,0,RU,1551928736,65,70.62,147.9,-22.61,1.77
303,udachnyy,80,RU,1551928897,66,66.42,112.4,-9.34,4.42
304,ganzhou,100,CN,1551928898,100,25.86,114.93,10.57,1.72
305,atagay,56,RU,1551928898,80,55.1,99.39,-3.11,2.17
306,lompoc,90,US,1551928444,93,34.64,-120.46,14.0,2.1
307,faya,0,SA,1551924000,87,18.39,42.45,12.0,1.42
308,sao mateus,80,BR,1551928898,88,-18.72,-39.86,28.19,3.92
309,townsville,75,AU,1551928561,52,-19.26,146.82,32.0,2.6
310,uusikaupunki,92,FI,1551927000,96,60.8,21.41,0.0,2.6
311,yelnya,8,RU,1551928899,76,54.58,33.19,-12.76,4.62
312,beloha,32,MG,1551928716,83,-25.17,45.06,23.44,4.67
313,broome,48,GB,1551928886,81,52.47,1.45,8.33,6.7
314,quthing,20,LS,1551928900,93,-30.4,27.7,11.49,0.87
315,starosubkhangulovo,80,RU,1551928901,90,53.1,57.43,-1.46,5.62
316,gizo,75,IL,1551928756,87,31.8,34.94,11.0,2.1
317,cabedelo,75,BR,1551924000,94,-6.97,-34.84,25.0,2.1
318,adrar,0,DZ,1551924000,13,27.87,-0.29,17.0,2.6
319,saldanha,20,PT,1551928715,96,41.42,-6.55,3.92,3.22
320,kosino,0,RU,1551928902,79,58.41,51.28,-12.16,7.27
321,portland,90,US,1551928342,86,45.52,-122.67,2.22,3.1
322,stromness,75,CA,1551928857,71,42.87,-79.55,-10.0,2.1
323,jizan,40,SA,1551924000,61,16.89,42.56,25.0,1.12
324,caravelas,76,BR,1551928660,100,-17.73,-39.27,28.97,4.77
325,mount gambier,44,AU,1551924000,39,-37.83,140.78,18.0,4.6
326,parasia,0,IN,1551928904,53,22.19,78.76,17.92,1.87
327,marsaxlokk,0,MT,1551928814,100,35.84,14.54,14.44,3.1
328,banjar,92,ID,1551928904,92,-7.37,108.54,23.57,0.87
329,norman wells,40,CA,1551924000,55,65.28,-126.83,-12.0,1.07
330,abu kamal,0,SY,1551928905,71,34.45,40.92,6.47,2.42
331,sungairaya,32,ID,1551928697,67,0.7,108.9,30.44,1.67
332,petropavlovsk-kamchatskiy,40,RU,1551925800,67,53.05,158.65,-5.0,2.0
333,asekeyevo,48,RU,1551928905,91,53.57,52.8,-4.06,7.12
334,isangel,75,VU,1551924000,74,-19.55,169.27,29.0,4.1
335,xining,76,CN,1551928906,70,36.62,101.77,-1.36,0.97
336,gravdal,92,NO,1551928807,86,59.79,5.78,5.0,7.7
337,mount isa,0,AU,1551925800,23,-20.73,139.49,36.0,6.7
338,araouane,0,ML,1551928907,30,18.9,-3.53,11.14,1.17
339,ambon,0,FR,1551928530,76,47.55,-2.56,9.0,7.2
340,letterkenny,92,IE,1551928907,100,54.95,-7.73,6.44,14.22
341,alice springs,0,AU,1551925800,19,-23.7,133.88,31.0,4.1
342,ranong,40,TH,1551924000,74,9.96,98.62,30.0,0.5
343,katubao,90,PH,1551924000,78,5.89,124.83,27.0,2.1
344,tevaitoa,48,PF,1551928908,97,-16.78,-151.5,29.24,5.82
345,kahului,90,US,1551928420,93,20.89,-156.47,25.0,7.7
346,rincon,1,US,1551928701,86,32.3,-81.24,5.56,1.22
347,kudat,75,MY,1551924000,74,6.89,116.84,30.0,2.1
348,kamaishi,75,JP,1551924000,100,39.28,141.86,4.0,6.7
349,swan river,0,CA,1551928757,60,52.11,-101.27,-17.51,1.82
350,baculin,68,PH,1551928909,100,7.45,126.58,23.74,2.82
351,payo,20,ID,1551928809,92,-3.75,103.64,28.74,1.22
352,chipiona,20,PE,1551928910,86,-14.54,-75.2,14.17,0.42
353,port blair,20,IN,1551924000,74,11.67,92.75,28.0,1.0
354,berdigestyakh,56,RU,1551928910,68,62.1,126.7,-4.54,3.57
355,souillac,90,FR,1551928689,87,45.6,-0.6,9.44,6.7
356,hervey bay,40,AU,1551928508,62,-25.3,152.85,31.67,5.7
357,liku,80,ID,1551928911,91,-0.73,119.89,26.79,1.27
358,rio gallegos,0,AR,1551924000,75,-51.62,-69.22,5.0,5.7
359,provideniya,0,RU,1551925800,62,64.42,-173.23,-6.0,7.0
360,udala,40,ES,1551928863,86,43.08,-2.51,11.67,3.1
361,buala,56,SB,1551928733,80,-8.15,159.59,30.09,2.77
362,dabakala,0,CI,1551928912,57,8.36,-4.43,21.39,2.97
363,ankang,92,CN,1551928912,67,32.73,108.99,3.54,1.57
364,moba,48,CD,1551928912,100,-7.04,29.77,19.49,2.92
365,floro,80,NO,1551928505,65,61.6,5.03,5.0,3.6
366,imbituba,75,BR,1551924000,94,-28.24,-48.67,24.0,1.5
367,ugoofaaru,92,MV,1551928757,100,5.67,73.0,27.64,2.52
368,kyabe,8,TD,1551928913,53,9.45,18.94,23.39,1.77
369,lagoa,0,PT,1551928627,93,37.14,-8.45,10.56,2.1
370,katsuura,75,JP,1551927282,62,33.93,134.5,12.0,7.2
371,zwedru,0,LR,1551928914,92,6.07,-8.13,23.44,2.82
372,longyearbyen,20,NO,1551927000,65,78.22,15.63,-15.0,4.6
373,saryozek,88,KZ,1551928914,97,44.36,77.98,-0.11,1.37
374,basco,90,US,1551928876,58,40.33,-91.2,-0.57,2.6
375,igarka,80,RU,1551928796,80,67.47,86.57,-14.46,10.07
376,klaksvik,44,FO,1551927000,100,62.23,-6.59,0.0,1.5
377,gariaband,0,IN,1551928915,41,20.63,82.06,21.67,2.07
378,abalak,0,NE,1551928915,39,15.46,6.28,16.42,1.97
379,jashpurnagar,0,IN,1551928916,61,22.88,84.14,18.82,1.87
380,remedios,75,CU,1551923400,73,22.5,-79.55,21.0,3.1
381,beyneu,0,KZ,1551928917,74,45.32,55.19,-3.16,1.52
382,hobyo,0,SO,1551928775,89,5.35,48.53,24.64,5.42
383,vidor,75,US,1551928806,57,30.13,-94.02,10.0,2.6
384,cortez,90,US,1551928913,61,37.35,-108.58,10.0,5.7
385,namibe,80,AO,1551928682,100,-15.19,12.15,25.42,4.27
386,antofagasta,75,CL,1551924000,72,-23.65,-70.4,20.0,4.6
387,nova esperanca,44,BR,1551928918,50,4.44,-61.12,26.17,2.12
388,arman,36,RU,1551928919,67,59.7,150.17,-9.54,1.67
389,malanje,76,AO,1551928919,97,-9.54,16.35,18.59,1.12
390,saint-gedeon,75,CA,1551928882,70,48.5,-71.77,-16.67,4.6
391,sao filipe,0,CV,1551928634,96,14.9,-24.5,21.34,8.27
392,maraa,12,BR,1551928920,90,-1.83,-65.37,26.22,1.17
393,fenyi,100,CN,1551928921,99,27.82,114.69,7.39,4.77
394,athabasca,12,CA,1551928921,76,54.72,-113.29,-15.81,5.22
395,ambahta,0,IN,1551928922,81,29.85,77.33,13.44,1.92
396,gaziantep,0,TR,1551928802,87,37.06,37.38,9.0,2.1
397,parana,75,BR,1551924000,94,-7.52,-72.89,25.0,1.5
398,loukhi,80,RU,1551928922,77,66.08,33.04,-6.16,5.72
399,porto novo,40,BR,1551924000,88,-23.68,-45.44,22.0,1.5
400,dunedin,80,NZ,1551928944,47,-45.87,170.5,22.79,7.52
401,quang ngai,0,VN,1551928944,58,15.12,108.8,31.47,1.37
402,port lincoln,0,AU,1551928738,80,-34.72,135.86,20.39,5.27
403,conceicao do araguaia,36,BR,1551928945,96,-8.26,-49.26,22.47,2.82
404,abrau-dyurso,32,RU,1551925800,100,44.7,37.6,2.0,2.0
405,dawlatabad,0,AF,1551928946,79,36.41,64.91,1.54,0.22
406,neiafu,40,TO,1551924000,74,-18.65,-173.98,29.0,2.6
407,nuuk,32,GL,1551927000,34,64.17,-51.74,3.0,13.4
408,thinadhoo,88,MV,1551928947,100,0.53,72.93,27.89,2.97
409,pangkalanbuun,64,ID,1551928732,95,-2.68,111.62,26.74,1.87
410,farafangana,56,MG,1551928947,100,-22.82,47.83,24.57,2.07
411,lakhisarai,0,IN,1551928947,61,25.18,86.09,19.04,2.57
412,ostersund,80,SE,1551928300,92,63.18,14.64,-9.0,4.6
413,lexington,1,US,1551928883,53,38.05,-84.5,-2.0,2.1
414,alexandria,1,US,1551928710,62,31.31,-92.44,7.0,2.1
415,astana,0,KZ,1551925800,85,51.13,71.43,-7.0,6.0
416,hamilton,40,BM,1551927714,55,32.3,-64.78,16.11,11.3
417,moron,64,VE,1551928552,92,10.49,-68.2,19.64,1.17
418,emmett,75,US,1551928823,93,43.87,-116.5,11.0,3.6
419,tsiroanomandidy,68,MG,1551928949,97,-18.77,46.05,17.79,1.42
420,mahebourg,20,MU,1551928444,83,-20.41,57.7,25.56,1.0
421,ustka,64,PL,1551928950,86,54.58,16.86,5.79,8.42
422,geraldton,40,CA,1551927600,64,49.72,-86.95,-17.0,2.6
423,havoysund,0,NO,1551925200,85,71.0,24.66,-6.0,14.9
424,registro,56,BR,1551928951,91,-24.5,-47.84,22.09,2.57
425,santa maria,75,BR,1551924000,78,-29.69,-53.81,24.0,2.6
426,bocana de paiwas,44,NI,1551928951,66,12.79,-85.12,24.17,6.02
427,zima,92,RU,1551928952,87,53.93,102.05,-2.01,4.57
428,altay,0,CN,1551928952,69,47.83,88.13,-8.51,0.77
429,langsa,8,ID,1551928815,84,4.47,97.97,26.57,1.12
430,kamenka,0,RU,1551928953,71,53.19,44.05,-14.36,2.97
431,tiarei,75,PF,1551928382,70,-17.53,-149.33,30.0,3.1
432,paamiut,80,GL,1551928954,90,61.99,-49.67,0.64,20.32
433,muravlenko,88,RU,1551928954,88,63.79,74.5,-3.21,9.27
434,rabo de peixe,75,PT,1551928900,93,37.8,-25.58,16.0,3.1
435,qasigiannguit,32,GL,1551927000,45,68.82,-51.19,-4.0,7.7
436,melito di porto salvo,20,IT,1551928785,100,37.92,15.77,18.33,4.6
437,ushibuka,0,JP,1551928955,83,32.19,130.02,11.89,7.87
438,clyde river,90,CA,1551927600,83,70.47,-68.59,-21.0,4.6
439,pochutla,0,MX,1551928505,76,15.74,-96.47,26.67,4.17
440,salinopolis,88,BR,1551928956,100,-0.61,-47.36,25.44,3.17
441,la palma,48,CO,1551928678,100,5.36,-74.39,19.47,0.97
442,cururupu,88,BR,1551928957,100,-1.82,-44.87,22.22,1.97
443,talnakh,64,RU,1551928679,81,69.49,88.39,-16.06,10.22
444,fairview,1,US,1551928845,48,40.81,-74.0,-5.0,3.57
445,winnemucca,90,US,1551928548,70,40.97,-117.74,8.0,4.6
446,eltham,88,GB,1551928952,81,51.45,0.05,7.22,5.1
447,sibenik,44,HR,1551928959,52,45.81,17.18,9.89,3.07
448,dubai,32,AE,1551924000,88,25.27,55.3,19.0,2.6
449,san cristobal,75,EC,1551928568,87,-0.39,-78.55,15.0,3.6
450,margate,75,AU,1551928695,37,-43.03,147.26,19.44,8.7
451,sinnamary,92,GF,1551928781,96,5.38,-52.96,26.17,5.97
452,mizdah,0,LY,1551928960,55,31.45,12.98,4.07,2.12
453,tahoua,0,NE,1551928652,53,14.89,5.26,19.44,2.27
454,hokitika,100,NZ,1551928766,96,-42.72,170.96,16.97,8.87
455,hami,56,CN,1551928547,55,42.84,93.51,5.47,2.97
456,redland,1,US,1551928955,53,39.14,-77.14,-2.78,2.6
457,tilichiki,64,RU,1551928726,85,60.47,166.1,-4.86,4.32
458,chinandega,0,NI,1551928962,43,12.63,-87.13,28.99,6.92
459,la ronge,5,CA,1551927600,70,55.1,-105.3,-18.0,1.0
460,smithers,75,CA,1551927600,42,54.78,-127.17,-3.0,0.82
461,bonavista,48,CA,1551928591,88,48.65,-53.11,-6.11,5.36
462,katherine,0,AU,1551925800,44,-14.47,132.26,34.0,3.1
463,karratha,0,AU,1551928751,30,-20.74,116.85,36.64,1.97
464,koslan,76,RU,1551928985,81,63.46,48.9,-12.66,3.42
465,gamba,0,CN,1551928732,67,28.28,88.52,-13.16,1.97
466,husavik,0,CA,1551928471,81,50.56,-96.99,-17.22,1.17
467,nhulunbuy,40,AU,1551925800,66,-12.18,136.78,31.0,2.6
468,pitea,0,SE,1551928662,78,65.32,21.48,-9.0,1.5
469,ixtapa,75,MX,1551928549,83,20.71,-105.21,24.0,1.0
470,san jose,0,PH,1551928899,66,15.79,120.99,28.72,1.27
471,sao joao do piaui,32,BR,1551928988,88,-8.36,-42.25,21.82,1.97
472,burns lake,64,CA,1551928988,71,54.23,-125.76,-9.36,1.02
473,mariveles,20,PH,1551928686,58,14.48,120.48,30.0,3.6
474,magan,0,RU,1551925800,78,62.1,129.53,-13.0,2.0
475,tautira,75,PF,1551928382,70,-17.73,-149.15,30.0,3.1
476,bandarbeyla,0,SO,1551928797,100,9.49,50.81,24.72,4.32
477,constantine,0,DZ,1551927600,43,36.36,6.61,12.0,1.0
478,bonfim,0,BR,1551924000,78,-20.33,-44.24,22.0,2.1
479,vanavara,36,RU,1551928623,66,60.35,102.28,-9.09,1.67
480,wellingborough,44,GB,1551928983,86,52.3,-0.69,6.11,6.7
481,north bend,20,US,1551928830,87,43.41,-124.22,6.11,2.6
482,arawa,48,NG,1551928991,95,7.05,3.9,24.92,1.52
483,lanzhou,90,CN,1551924000,69,36.06,103.82,3.0,1.0
484,severodvinsk,40,RU,1551925800,78,64.56,39.82,-9.0,5.0
485,boone,1,US,1551928782,45,36.22,-81.67,0.0,2.62
486,pleasant point,68,NZ,1551928931,23,-44.26,171.13,23.33,3.13
487,kavarna,0,BG,1551927600,80,43.43,28.33,2.0,2.6
488,yarmouth,56,GB,1551928966,87,50.71,-1.5,7.78,6.2
489,hidalgo,90,US,1551928955,62,26.1,-98.26,14.44,1.92
490,solano,20,PH,1551928993,59,16.52,121.18,25.19,1.22
491,loikaw,0,MM,1551928993,61,19.67,97.21,23.92,1.52
492,itarema,64,BR,1551928994,97,-2.92,-39.92,23.39,2.27
493,honiara,64,SB,1551928994,85,-9.43,159.96,27.42,1.42
494,waiouru,64,NZ,1551928766,48,-39.48,175.67,22.39,4.77
495,brae,88,GB,1551925200,86,60.4,-1.35,6.0,11.3
496,peniche,20,PT,1551928558,76,39.36,-9.38,11.67,2.6
497,mahajanga,40,MG,1551927600,88,-15.72,46.32,23.0,6.17
498,loandjili,40,CG,1551924000,94,-4.77,11.87,26.0,1.5
499,marck,92,FR,1551928868,87,50.95,1.95,9.0,7.2
500,kulhudhuffushi,92,MV,1551928797,100,6.62,73.07,27.74,1.97
501,los llanos de aridane,40,ES,1551928626,67,28.66,-17.92,17.0,5.7
502,sawakin,0,SD,1551928996,100,19.1,37.33,14.99,4.27
503,makakilo city,20,US,1551928569,64,21.35,-158.09,24.0,5.1
504,baykit,12,RU,1551928997,70,61.68,96.39,-13.29,1.77
505,acapulco,5,MX,1551923040,69,16.86,-99.88,27.0,1.5
506,teya,75,MX,1551928579,64,21.05,-89.07,24.0,5.1
507,pergamino,56,AR,1551928978,89,-33.9,-60.57,23.33,0.89
508,oussouye,0,SN,1551927600,64,12.49,-16.54,23.0,3.1
509,mikolow,0,PL,1551928980,60,50.17,18.9,5.56,5.1
510,arlit,0,NE,1551928664,44,18.74,7.39,14.72,1.37
511,vieira de leiria,75,PT,1551928984,93,39.87,-8.94,10.0,1.5
512,vihti,90,FI,1551928976,92,60.42,24.32,0.0,5.7
513,mackay,20,CA,1551927600,71,53.65,-115.58,-14.0,5.7
514,kingman,20,US,1551928711,38,35.19,-114.05,21.11,9.8
515,blagoyevo,76,RU,1551929000,78,63.37,47.92,-12.06,3.67
516,vanimo,12,PG,1551928784,100,-2.67,141.3,28.42,3.12
517,tongchuan,0,CN,1551924000,36,34.9,108.95,9.0,11.0
518,zhukovka,0,RU,1551928883,71,55.51,37.29,-10.0,2.0
519,gigmoto,48,PH,1551929001,93,13.78,124.39,27.04,3.32
520,washougal,90,US,1551928892,86,45.58,-122.35,2.22,1.07
521,gao,0,ML,1551929002,41,16.28,-0.04,15.07,3.27
522,atbasar,64,KZ,1551928728,89,51.81,68.36,-2.81,7.32
523,todos santos,36,MX,1551928832,91,23.45,-110.23,21.67,2.57
524,carpinteria,90,US,1551929000,93,34.4,-119.52,16.0,2.1
525,san nicolas,92,HN,1551929003,96,14.94,-88.33,19.17,0.97
526,ekhabi,0,RU,1551929003,99,53.51,142.97,-8.96,4.22
527,sobolevo,0,RU,1551928764,79,54.43,31.9,-11.16,4.82
528,haikou,90,CN,1551924000,94,20.04,110.34,22.0,5.0
529,talara,80,PE,1551929004,74,-4.58,-81.27,25.34,2.07
530,flin flon,0,CA,1551928805,69,54.77,-101.88,-14.06,2.72
531,akot,0,IN,1551929005,44,21.09,77.05,21.82,0.77
532,houston,75,US,1551928627,66,29.76,-95.37,12.0,3.6
533,joshimath,0,IN,1551929005,99,30.57,79.57,-19.29,0.07
534,linxia,80,CN,1551929005,74,35.6,103.21,-0.51,1.67
535,ayolas,92,PY,1551929006,92,-27.39,-56.84,23.67,4.27
536,auki,12,NG,1551928764,38,12.18,6.51,20.59,3.07
537,haimen,0,CN,1551928459,51,31.87,121.18,11.11,1.34
538,japura,0,ID,1551929007,80,-0.42,102.29,28.89,1.27
539,consett,20,GB,1551928884,86,54.85,-1.83,6.11,2.6
540,ambulu,92,ID,1551929007,100,-8.35,113.61,23.79,7.17
541,havre-saint-pierre,20,CA,1551927600,59,50.23,-63.6,-18.0,3.6
542,santa fe,0,AR,1551928886,90,-31.62,-60.7,25.56,0.89
543,coahuayana,0,MX,1551928538,62,18.62,-100.35,20.04,0.92
544,etne,92,NO,1551928924,86,59.66,5.93,6.11,7.7
545,rockland,1,US,1551928990,37,42.13,-70.92,-7.0,3.1
546,dubbo,0,AU,1551925800,34,-32.25,148.6,28.0,7.2
547,lagos,20,NG,1551927600,94,6.46,3.39,24.0,1.0
548,zyryanka,0,RU,1551928793,59,65.73,150.89,-16.94,2.12
549,natal,20,BR,1551927600,78,-5.81,-35.21,27.0,3.6
550,poya,0,NC,1551929011,100,-21.35,165.16,25.44,6.07
551,aurad,0,IN,1551929011,37,18.25,77.42,22.72,3.72
552,clinton,1,US,1551928877,79,41.84,-90.19,-2.0,5.1
553,itaituba,0,BR,1551929012,88,-4.26,-55.99,23.97,1.42
554,poltavka,92,RU,1551929013,93,54.36,71.76,1.34,6.27
555,shiyan,36,CN,1551929013,42,32.65,110.78,5.74,2.42
556,dolores,48,AR,1551929013,68,-36.31,-57.68,24.64,5.42
557,coihaique,44,CL,1551926700,81,-45.58,-72.07,10.0,6.2
558,verkhnetulomskiy,0,RU,1551925800,76,68.61,31.8,-22.0,1.0
559,puerto baquerizo moreno,0,EC,1551929014,98,-0.9,-89.6,26.69,4.62
560,waipawa,12,NZ,1551928756,38,-39.94,176.59,27.22,0.45
561,nanlong,92,CN,1551929015,92,31.35,106.05,9.84,4.67
562,huilong,92,CN,1551929015,95,28.89,110.18,4.19,3.77
563,marsh harbour,12,BS,1551929015,100,26.54,-77.06,20.34,7.37
564,luganville,8,VU,1551929016,97,-15.51,167.18,28.99,1.67
565,port macquarie,90,AU,1551928445,77,-31.43,152.91,20.0,2.6
566,paramirim,32,BR,1551929016,83,-13.44,-42.24,20.34,3.67
567,takapau,12,NZ,1551928756,38,-40.02,176.35,27.22,0.45
568,vila do maio,20,CV,1551927600,72,15.13,-23.22,20.0,10.8
569,yeppoon,48,AU,1551925800,52,-23.13,150.74,32.0,5.1
